{
    "name": "chatroom_name",
    "roles": [
        "chatroom_name"
    ],
    "lookups": [
        "keywords"
    ],
    "keywords": [
        {
            "keyword": "Buckys Badger Den",
            "synonyms": [
                "Buckys Badger Den",
                "badger den",
                "buckys den",
                "den"
            ]
        },
        {
            "keyword": "Engineering Hall Exchange",
            "synonyms": [
                "Engineering Hall Exchange",
                "e hall",
                "engineering hall",
                "engineers hall"
            ]
        },
        {
            "keyword": "Grainger Hall Gatherings",
            "synonyms": [
                "Grainger Hall Gatherings",
                "grainger",
                "grainger hall"
            ]
        },
        {
            "keyword": "Kohl Center Kudos",
            "synonyms": [
                "Kohl Center Kudos",
                "kohl center",
                "kohl kudos"
            ]
        },
        {
            "keyword": "Lakeshore Path Pioneers",
            "synonyms": [
                "Lakeshore Path Pioneers",
                "lakeshore",
                "lakeshore path"
            ]
        },
        {
            "keyword": "Picnic Point Pathfinders",
            "synonyms": [
                "Picnic Point Pathfinders",
                "pathfinders",
                "picnic point"
            ]
        },
        {
            "keyword": "Science Hall Scholars",
            "synonyms": [
                "Science Hall Scholars",
                "science hall",
                "science scholars"
            ]
        },
        {
            "keyword": "Union South Socials",
            "synonyms": [
                "union",
                "union socials",
                "union south",
                "union south socials"
            ]
        }
    ]
}
