{
    "utterances": [
        {
            "text": "CS571 is fun",
            "entities": [],
            "traits": []
        },
        {
            "text": "CS571 is yuck",
            "entities": [],
            "traits": []
        },
        {
            "text": "I am done",
            "entities": [],
            "traits": [],
            "intent": "checkout"
        },
        {
            "text": "I have finished shopping",
            "entities": [],
            "traits": [],
            "intent": "checkout"
        },
        {
            "text": "I want 6 coconuts in my shopping bag",
            "entities": [
                {
                    "entity": "wit$number:number",
                    "start": 7,
                    "end": 8,
                    "body": "6",
                    "entities": []
                },
                {
                    "entity": "item_name:item_name",
                    "start": 9,
                    "end": 16,
                    "body": "coconut",
                    "entities": []
                }
            ],
            "traits": [],
            "intent": "add_item"
        },
        {
            "text": "Remove 3 apples from my basket",
            "entities": [
                {
                    "entity": "wit$number:number",
                    "start": 7,
                    "end": 8,
                    "body": "3",
                    "entities": []
                },
                {
                    "entity": "item_name:item_name",
                    "start": 9,
                    "end": 14,
                    "body": "apple",
                    "entities": []
                }
            ],
            "traits": [],
            "intent": "remove_item"
        },
        {
            "text": "What does this store offer",
            "entities": [],
            "traits": [],
            "intent": "get_items"
        },
        {
            "text": "What products are present in this market",
            "entities": [],
            "traits": [],
            "intent": "get_items"
        },
        {
            "text": "add 2 donuts to my basket",
            "entities": [
                {
                    "entity": "item_name:item_name",
                    "start": 6,
                    "end": 11,
                    "body": "donut",
                    "entities": []
                },
                {
                    "entity": "wit$number:number",
                    "start": 4,
                    "end": 5,
                    "body": "2",
                    "entities": []
                }
            ],
            "traits": [],
            "intent": "add_item"
        },
        {
            "text": "add 4 apples",
            "entities": [
                {
                    "entity": "wit$number:number",
                    "start": 4,
                    "end": 5,
                    "body": "4",
                    "entities": []
                },
                {
                    "entity": "item_name:item_name",
                    "start": 6,
                    "end": 11,
                    "body": "apple",
                    "entities": []
                }
            ],
            "traits": [],
            "intent": "add_item"
        },
        {
            "text": "add 5 eggs",
            "entities": [
                {
                    "entity": "item_name:item_name",
                    "start": 6,
                    "end": 9,
                    "body": "egg",
                    "entities": []
                },
                {
                    "entity": "wit$number:number",
                    "start": 4,
                    "end": 5,
                    "body": "5",
                    "entities": []
                }
            ],
            "traits": [],
            "intent": "add_item"
        },
        {
            "text": "add 7 egg to my cart",
            "entities": [
                {
                    "entity": "wit$number:number",
                    "start": 4,
                    "end": 5,
                    "body": "7",
                    "entities": []
                },
                {
                    "entity": "item_name:item_name",
                    "start": 6,
                    "end": 9,
                    "body": "egg",
                    "entities": []
                }
            ],
            "traits": [],
            "intent": "add_item"
        },
        {
            "text": "add an apple",
            "entities": [
                {
                    "entity": "item_name:item_name",
                    "start": 7,
                    "end": 12,
                    "body": "apple",
                    "entities": []
                }
            ],
            "traits": [],
            "intent": "add_item"
        },
        {
            "text": "add an apple to mycart",
            "entities": [
                {
                    "entity": "item_name:item_name",
                    "start": 7,
                    "end": 12,
                    "body": "apple",
                    "entities": []
                }
            ],
            "traits": [],
            "intent": "add_item"
        },
        {
            "text": "assist me",
            "entities": [],
            "traits": [],
            "intent": "get_help"
        },
        {
            "text": "checkout",
            "entities": [],
            "traits": [],
            "intent": "checkout"
        },
        {
            "text": "cost of apple",
            "entities": [
                {
                    "entity": "item_name:item_name",
                    "start": 8,
                    "end": 13,
                    "body": "apple",
                    "entities": []
                }
            ],
            "traits": [],
            "intent": "get_price"
        },
        {
            "text": "cost of bagel",
            "entities": [
                {
                    "entity": "item_name:item_name",
                    "start": 8,
                    "end": 13,
                    "body": "bagel",
                    "entities": []
                }
            ],
            "traits": [],
            "intent": "get_price"
        },
        {
            "text": "cost of bagels",
            "entities": [],
            "traits": [],
            "intent": "get_price"
        },
        {
            "text": "cost of coconut",
            "entities": [
                {
                    "entity": "item_name:item_name",
                    "start": 8,
                    "end": 15,
                    "body": "coconut",
                    "entities": []
                }
            ],
            "traits": [],
            "intent": "get_price"
        },
        {
            "text": "cost of donuts",
            "entities": [
                {
                    "entity": "item_name:item_name",
                    "start": 8,
                    "end": 13,
                    "body": "donut",
                    "entities": []
                }
            ],
            "traits": [],
            "intent": "get_price"
        },
        {
            "text": "cost of egg",
            "entities": [
                {
                    "entity": "item_name:item_name",
                    "start": 8,
                    "end": 11,
                    "body": "egg",
                    "entities": []
                }
            ],
            "traits": [],
            "intent": "get_price"
        },
        {
            "text": "delete 2 apples from my cart",
            "entities": [
                {
                    "entity": "item_name:item_name",
                    "start": 9,
                    "end": 14,
                    "body": "apple",
                    "entities": []
                },
                {
                    "entity": "wit$number:number",
                    "start": 7,
                    "end": 8,
                    "body": "2",
                    "entities": []
                }
            ],
            "traits": [],
            "intent": "remove_item"
        },
        {
            "text": "delete 2 bagels from cart",
            "entities": [
                {
                    "entity": "item_name:item_name",
                    "start": 9,
                    "end": 14,
                    "body": "bagel",
                    "entities": []
                },
                {
                    "entity": "wit$number:number",
                    "start": 7,
                    "end": 8,
                    "body": "2",
                    "entities": []
                }
            ],
            "traits": [],
            "intent": "remove_item"
        },
        {
            "text": "delete 4 Donuts from my cart",
            "entities": [
                {
                    "entity": "wit$number:number",
                    "start": 7,
                    "end": 8,
                    "body": "4",
                    "entities": []
                },
                {
                    "entity": "item_name:item_name",
                    "start": 9,
                    "end": 14,
                    "body": "Donut",
                    "entities": []
                }
            ],
            "traits": [],
            "intent": "remove_item"
        },
        {
            "text": "get all items",
            "entities": [],
            "traits": [],
            "intent": "get_items"
        },
        {
            "text": "get help",
            "entities": [],
            "traits": [],
            "intent": "get_help"
        },
        {
            "text": "help",
            "entities": [],
            "traits": [],
            "intent": "get_help"
        },
        {
            "text": "help me",
            "entities": [],
            "traits": [],
            "intent": "get_help"
        },
        {
            "text": "how can i help",
            "entities": [],
            "traits": [],
            "intent": "get_help"
        },
        {
            "text": "how much is a bagel",
            "entities": [
                {
                    "entity": "item_name:item_name",
                    "start": 14,
                    "end": 19,
                    "body": "bagel",
                    "entities": []
                }
            ],
            "traits": [],
            "intent": "get_price"
        },
        {
            "text": "how much is a donut",
            "entities": [
                {
                    "entity": "item_name:item_name",
                    "start": 14,
                    "end": 19,
                    "body": "donut",
                    "entities": []
                }
            ],
            "traits": [],
            "intent": "get_price"
        },
        {
            "text": "how much should I pay for a donut",
            "entities": [
                {
                    "entity": "item_name:item_name",
                    "start": 28,
                    "end": 33,
                    "body": "donut",
                    "entities": []
                }
            ],
            "traits": [],
            "intent": "get_price"
        },
        {
            "text": "i need help",
            "entities": [],
            "traits": [],
            "intent": "get_help"
        },
        {
            "text": "please add 2 donuts in my cart",
            "entities": [
                {
                    "entity": "wit$number:number",
                    "start": 11,
                    "end": 12,
                    "body": "2",
                    "entities": []
                },
                {
                    "entity": "item_name:item_name",
                    "start": 13,
                    "end": 18,
                    "body": "donut",
                    "entities": []
                }
            ],
            "traits": [],
            "intent": "add_item"
        },
        {
            "text": "price of apple",
            "entities": [
                {
                    "entity": "item_name:item_name",
                    "start": 9,
                    "end": 14,
                    "body": "apple",
                    "entities": []
                }
            ],
            "traits": [],
            "intent": "get_price"
        },
        {
            "text": "price of coconut",
            "entities": [
                {
                    "entity": "item_name:item_name",
                    "start": 9,
                    "end": 16,
                    "body": "coconut",
                    "entities": []
                }
            ],
            "traits": [],
            "intent": "get_price"
        },
        {
            "text": "price of donut",
            "entities": [
                {
                    "entity": "item_name:item_name",
                    "start": 9,
                    "end": 14,
                    "body": "donut",
                    "entities": []
                }
            ],
            "traits": [],
            "intent": "get_price"
        },
        {
            "text": "price of eggs",
            "entities": [
                {
                    "entity": "item_name:item_name",
                    "start": 9,
                    "end": 12,
                    "body": "egg",
                    "entities": []
                }
            ],
            "traits": [],
            "intent": "get_price"
        },
        {
            "text": "provide me assistance",
            "entities": [],
            "traits": [],
            "intent": "get_help"
        },
        {
            "text": "put 3 bagels to my shopping cart",
            "entities": [
                {
                    "entity": "item_name:item_name",
                    "start": 6,
                    "end": 11,
                    "body": "bagel",
                    "entities": []
                },
                {
                    "entity": "wit$number:number",
                    "start": 4,
                    "end": 5,
                    "body": "3",
                    "entities": []
                }
            ],
            "traits": [],
            "intent": "add_item"
        },
        {
            "text": "put a donut to my basket",
            "entities": [
                {
                    "entity": "item_name:item_name",
                    "start": 6,
                    "end": 11,
                    "body": "donut",
                    "entities": []
                }
            ],
            "traits": [],
            "intent": "add_item"
        },
        {
            "text": "remove 2 apples",
            "entities": [
                {
                    "entity": "wit$number:number",
                    "start": 7,
                    "end": 8,
                    "body": "2",
                    "entities": []
                },
                {
                    "entity": "item_name:item_name",
                    "start": 9,
                    "end": 14,
                    "body": "apple",
                    "entities": []
                }
            ],
            "traits": [],
            "intent": "remove_item"
        },
        {
            "text": "remove 2 bagel from basket",
            "entities": [
                {
                    "entity": "wit$number:number",
                    "start": 7,
                    "end": 8,
                    "body": "2",
                    "entities": []
                },
                {
                    "entity": "item_name:item_name",
                    "start": 9,
                    "end": 14,
                    "body": "bagel",
                    "entities": []
                }
            ],
            "traits": [],
            "intent": "remove_item"
        },
        {
            "text": "remove 5 bagels",
            "entities": [
                {
                    "entity": "wit$number:number",
                    "start": 7,
                    "end": 8,
                    "body": "5",
                    "entities": []
                },
                {
                    "entity": "item_name:item_name",
                    "start": 9,
                    "end": 14,
                    "body": "bagel",
                    "entities": []
                }
            ],
            "traits": [],
            "intent": "remove_item"
        },
        {
            "text": "remove 7 eggs",
            "entities": [
                {
                    "entity": "item_name:item_name",
                    "start": 9,
                    "end": 12,
                    "body": "egg",
                    "entities": []
                },
                {
                    "entity": "wit$number:number",
                    "start": 7,
                    "end": 8,
                    "body": "7",
                    "entities": []
                }
            ],
            "traits": [],
            "intent": "remove_item"
        },
        {
            "text": "remove a donut from cart",
            "entities": [
                {
                    "entity": "item_name:item_name",
                    "start": 9,
                    "end": 14,
                    "body": "donut",
                    "entities": []
                }
            ],
            "traits": [],
            "intent": "remove_item"
        },
        {
            "text": "remove an apple from cart",
            "entities": [
                {
                    "entity": "item_name:item_name",
                    "start": 10,
                    "end": 15,
                    "body": "apple",
                    "entities": []
                }
            ],
            "traits": [],
            "intent": "remove_item"
        },
        {
            "text": "remove an apple from my cart",
            "entities": [
                {
                    "entity": "item_name:item_name",
                    "start": 10,
                    "end": 15,
                    "body": "apple",
                    "entities": []
                }
            ],
            "traits": [],
            "intent": "remove_item"
        },
        {
            "text": "shopping done",
            "entities": [],
            "traits": [],
            "intent": "checkout"
        },
        {
            "text": "show cart",
            "entities": [],
            "traits": [],
            "intent": "view_cart"
        },
        {
            "text": "show my cart",
            "entities": [],
            "traits": [],
            "intent": "view_cart"
        },
        {
            "text": "stop shopping",
            "entities": [],
            "traits": [],
            "intent": "checkout"
        },
        {
            "text": "view cart",
            "entities": [],
            "traits": [],
            "intent": "view_cart"
        },
        {
            "text": "view my cart",
            "entities": [],
            "traits": [],
            "intent": "view_cart"
        },
        {
            "text": "what all is available in BadgerMart",
            "entities": [],
            "traits": [],
            "intent": "get_items"
        },
        {
            "text": "what all items do u have",
            "entities": [],
            "traits": [],
            "intent": "get_items"
        },
        {
            "text": "what can I buy",
            "entities": [],
            "traits": [],
            "intent": "get_items"
        },
        {
            "text": "what can i do",
            "entities": [],
            "traits": [],
            "intent": "get_help"
        },
        {
            "text": "what do i have",
            "entities": [],
            "traits": [],
            "intent": "view_cart"
        },
        {
            "text": "what does an apple cost",
            "entities": [
                {
                    "entity": "item_name:item_name",
                    "start": 13,
                    "end": 18,
                    "body": "apple",
                    "entities": []
                }
            ],
            "traits": [],
            "intent": "get_price"
        },
        {
            "text": "what does an egg cost",
            "entities": [
                {
                    "entity": "item_name:item_name",
                    "start": 13,
                    "end": 16,
                    "body": "egg",
                    "entities": []
                }
            ],
            "traits": [],
            "intent": "get_price"
        },
        {
            "text": "what is available",
            "entities": [],
            "traits": [],
            "intent": "get_items"
        },
        {
            "text": "what is price of a bagel",
            "entities": [
                {
                    "entity": "item_name:item_name",
                    "start": 19,
                    "end": 24,
                    "body": "bagel",
                    "entities": []
                }
            ],
            "traits": [],
            "intent": "get_price"
        },
        {
            "text": "what is the value of an egg",
            "entities": [
                {
                    "entity": "item_name:item_name",
                    "start": 24,
                    "end": 27,
                    "body": "egg",
                    "entities": []
                }
            ],
            "traits": [],
            "intent": "get_price"
        },
        {
            "text": "what items can i get",
            "entities": [],
            "traits": [],
            "intent": "get_items"
        },
        {
            "text": "what's in my basket",
            "entities": [],
            "traits": [],
            "intent": "view_cart"
        },
        {
            "text": "what's the price of a coconut",
            "entities": [
                {
                    "entity": "item_name:item_name",
                    "start": 22,
                    "end": 29,
                    "body": "coconut",
                    "entities": []
                }
            ],
            "traits": [],
            "intent": "get_price"
        },
        {
            "text": "what's the price of an apple",
            "entities": [
                {
                    "entity": "item_name:item_name",
                    "start": 23,
                    "end": 28,
                    "body": "apple",
                    "entities": []
                }
            ],
            "traits": [],
            "intent": "get_price"
        }
    ]
}
