{
    "utterances": [
        {
            "text": "am i logged in",
            "entities": [],
            "traits": [],
            "intent": "whoami"
        },
        {
            "text": "am i signed in",
            "entities": [],
            "traits": [],
            "intent": "whoami"
        },
        {
            "text": "confirm",
            "entities": [],
            "traits": [],
            "intent": "wit$confirmation"
        },
        {
            "text": "create a post",
            "entities": [],
            "traits": [],
            "intent": "create_message"
        },
        {
            "text": "create a post in engineering hall",
            "entities": [
                {
                    "entity": "chatroom_name:chatroom_name",
                    "start": 17,
                    "end": 33,
                    "body": "engineering hall",
                    "entities": []
                }
            ],
            "traits": [],
            "intent": "create_message"
        },
        {
            "text": "create an account for me",
            "entities": [],
            "traits": [],
            "intent": "register"
        },
        {
            "text": "get 2 messages",
            "entities": [
                {
                    "entity": "wit$number:number",
                    "start": 4,
                    "end": 5,
                    "body": "2",
                    "entities": []
                }
            ],
            "traits": [],
            "intent": "get_messages"
        },
        {
            "text": "get 2 messages from Union South Socials",
            "entities": [
                {
                    "entity": "wit$number:number",
                    "start": 4,
                    "end": 5,
                    "body": "2",
                    "entities": []
                },
                {
                    "entity": "chatroom_name:chatroom_name",
                    "start": 20,
                    "end": 39,
                    "body": "Union South Socials",
                    "entities": []
                }
            ],
            "traits": [],
            "intent": "get_messages"
        },
        {
            "text": "get 4 latest posts",
            "entities": [
                {
                    "entity": "wit$number:number",
                    "start": 4,
                    "end": 5,
                    "body": "4",
                    "entities": []
                }
            ],
            "traits": [],
            "intent": "get_messages"
        },
        {
            "text": "get 4 posts from grainger hall",
            "entities": [
                {
                    "entity": "wit$number:number",
                    "start": 4,
                    "end": 5,
                    "body": "4",
                    "entities": []
                },
                {
                    "entity": "chatroom_name:chatroom_name",
                    "start": 17,
                    "end": 30,
                    "body": "grainger hall",
                    "entities": []
                }
            ],
            "traits": [],
            "intent": "get_messages"
        },
        {
            "text": "get 5 latest posts from picnic point",
            "entities": [
                {
                    "entity": "wit$number:number",
                    "start": 4,
                    "end": 5,
                    "body": "5",
                    "entities": []
                },
                {
                    "entity": "chatroom_name:chatroom_name",
                    "start": 24,
                    "end": 36,
                    "body": "picnic point",
                    "entities": []
                }
            ],
            "traits": [],
            "intent": "get_messages"
        },
        {
            "text": "get a message",
            "entities": [],
            "traits": [],
            "intent": "get_messages"
        },
        {
            "text": "get chatrooms",
            "entities": [],
            "traits": [],
            "intent": "get_chatrooms"
        },
        {
            "text": "get help",
            "entities": [],
            "traits": [],
            "intent": "get_help"
        },
        {
            "text": "get message from lakeshore",
            "entities": [
                {
                    "entity": "chatroom_name:chatroom_name",
                    "start": 17,
                    "end": 26,
                    "body": "lakeshore",
                    "entities": []
                }
            ],
            "traits": [],
            "intent": "get_messages"
        },
        {
            "text": "give me 7 latest posts",
            "entities": [
                {
                    "entity": "wit$number:number",
                    "start": 8,
                    "end": 9,
                    "body": "7",
                    "entities": []
                }
            ],
            "traits": [],
            "intent": "get_messages"
        },
        {
            "text": "give me a list of chatrooms",
            "entities": [],
            "traits": [],
            "intent": "get_chatrooms"
        },
        {
            "text": "help",
            "entities": [],
            "traits": [],
            "intent": "get_help"
        },
        {
            "text": "how can you help",
            "entities": [],
            "traits": [],
            "intent": "get_help"
        },
        {
            "text": "i need help",
            "entities": [],
            "traits": [],
            "intent": "get_help"
        },
        {
            "text": "i want an account",
            "entities": [],
            "traits": [],
            "intent": "register"
        },
        {
            "text": "log in",
            "entities": [],
            "traits": [],
            "intent": "login"
        },
        {
            "text": "log me in",
            "entities": [],
            "traits": [],
            "intent": "login"
        },
        {
            "text": "log me in my account",
            "entities": [],
            "traits": [],
            "intent": "login"
        },
        {
            "text": "log me out",
            "entities": [],
            "traits": [],
            "intent": "logout"
        },
        {
            "text": "log me out of the account",
            "entities": [],
            "traits": [],
            "intent": "logout"
        },
        {
            "text": "log out",
            "entities": [],
            "traits": [],
            "intent": "logout"
        },
        {
            "text": "login",
            "entities": [],
            "traits": [],
            "intent": "login"
        },
        {
            "text": "logout",
            "entities": [],
            "traits": [],
            "intent": "logout"
        },
        {
            "text": "make a post",
            "entities": [],
            "traits": [],
            "intent": "create_message"
        },
        {
            "text": "make a post for me in the lakeshore path",
            "entities": [
                {
                    "entity": "chatroom_name:chatroom_name",
                    "start": 26,
                    "end": 40,
                    "body": "lakeshore path",
                    "entities": []
                }
            ],
            "traits": [],
            "intent": "create_message"
        },
        {
            "text": "make a post in grainger hall",
            "entities": [
                {
                    "entity": "chatroom_name:chatroom_name",
                    "start": 15,
                    "end": 28,
                    "body": "grainger hall",
                    "entities": []
                }
            ],
            "traits": [],
            "intent": "create_message"
        },
        {
            "text": "make a post in union south",
            "entities": [
                {
                    "entity": "chatroom_name:chatroom_name",
                    "start": 15,
                    "end": 26,
                    "body": "union south",
                    "entities": []
                }
            ],
            "traits": [],
            "intent": "create_message"
        },
        {
            "text": "make a post in union south socials",
            "entities": [
                {
                    "entity": "chatroom_name:chatroom_name",
                    "start": 15,
                    "end": 34,
                    "body": "union south socials",
                    "entities": []
                }
            ],
            "traits": [],
            "intent": "create_message"
        },
        {
            "text": "okay",
            "entities": [],
            "traits": [],
            "intent": "wit$confirmation"
        },
        {
            "text": "post a comment",
            "entities": [],
            "traits": [],
            "intent": "create_message"
        },
        {
            "text": "post a message in union south",
            "entities": [
                {
                    "entity": "chatroom_name:chatroom_name",
                    "start": 18,
                    "end": 29,
                    "body": "union south",
                    "entities": []
                }
            ],
            "traits": [],
            "intent": "create_message"
        },
        {
            "text": "post a message to grainger hall",
            "entities": [
                {
                    "entity": "chatroom_name:chatroom_name",
                    "start": 18,
                    "end": 31,
                    "body": "grainger hall",
                    "entities": []
                }
            ],
            "traits": [],
            "intent": "create_message"
        },
        {
            "text": "register",
            "entities": [],
            "traits": [],
            "intent": "register"
        },
        {
            "text": "register a user",
            "entities": [],
            "traits": [],
            "intent": "register"
        },
        {
            "text": "show all chatrooms",
            "entities": [],
            "traits": [],
            "intent": "get_chatrooms"
        },
        {
            "text": "sign in",
            "entities": [],
            "traits": [],
            "intent": "login"
        },
        {
            "text": "sign me in",
            "entities": [],
            "traits": [],
            "intent": "login"
        },
        {
            "text": "sign me in my account",
            "entities": [],
            "traits": [],
            "intent": "login"
        },
        {
            "text": "sign me out",
            "entities": [],
            "traits": [],
            "intent": "logout"
        },
        {
            "text": "sign me out of the account",
            "entities": [],
            "traits": [],
            "intent": "logout"
        },
        {
            "text": "sign me up",
            "entities": [],
            "traits": [],
            "intent": "register"
        },
        {
            "text": "sign out",
            "entities": [],
            "traits": [],
            "intent": "logout"
        },
        {
            "text": "signin",
            "entities": [],
            "traits": [],
            "intent": "login"
        },
        {
            "text": "sounds good",
            "entities": [],
            "traits": [],
            "intent": "wit$confirmation"
        },
        {
            "text": "sure",
            "entities": [],
            "traits": [],
            "intent": "wit$confirmation"
        },
        {
            "text": "true",
            "entities": [],
            "traits": [],
            "intent": "wit$confirmation"
        },
        {
            "text": "what are the names of all chatrooms",
            "entities": [],
            "traits": [],
            "intent": "get_chatrooms"
        },
        {
            "text": "what can i do",
            "entities": [],
            "traits": [],
            "intent": "get_help"
        },
        {
            "text": "what chatrooms are there",
            "entities": [],
            "traits": [],
            "intent": "get_chatrooms"
        },
        {
            "text": "who am I logged in as",
            "entities": [],
            "traits": [],
            "intent": "whoami"
        },
        {
            "text": "who am i",
            "entities": [],
            "traits": [],
            "intent": "whoami"
        },
        {
            "text": "yes",
            "entities": [],
            "traits": [],
            "intent": "wit$confirmation"
        }
    ]
}
